[{"model": "shopModul.clientinfo", "pk": 1, "fields": {"user": 1, "organization_name": "ИП Суворова", "person_ident_number": "ИНН 4567894321", "phone": "+ 7 (914)-007-00-16"}}, {"model": "shopModul.clientinfo", "pk": 3, "fields": {"user": 2, "organization_name": null, "person_ident_number": null, "phone": null}}, {"model": "shopModul.clientinfo", "pk": 4, "fields": {"user": 4, "organization_name": null, "person_ident_number": null, "phone": null}}, {"model": "shopModul.clientinfo", "pk": 5, "fields": {"user": 5, "organization_name": null, "person_ident_number": null, "phone": null}}, {"model": "shopModul.clientinfo", "pk": 6, "fields": {"user": 3, "organization_name": "", "person_ident_number": "", "phone": "+ 7 (999)-999-99-91"}}, {"model": "shopModul.imglink", "pk": 2, "fields": {"content_type": null, "object_id": null, "link": "img/2023/09/06/product_дифы_68v7M8n.png"}}, {"model": "shopModul.imglink", "pk": 3, "fields": {"content_type": 11, "object_id": 4, "link": "img/2023/09/09/product_дифы.png"}}, {"model": "shopModul.imglink", "pk": 4, "fields": {"content_type": 11, "object_id": 3, "link": "img/2023/09/09/РЕАНИМАЦИЯ.png"}}, {"model": "shopModul.imglink", "pk": 5, "fields": {"content_type": 26, "object_id": 1, "link": "img/2023/09/14/event-img.png"}}, {"model": "shopModul.imglink", "pk": 6, "fields": {"content_type": 26, "object_id": 1, "link": "img/2023/09/14/event-img_jNANolg.png"}}, {"model": "shopModul.imglink", "pk": 7, "fields": {"content_type": 26, "object_id": 1, "link": "img/2023/09/14/event-img_0yM0AsI.png"}}, {"model": "shopModul.imglink", "pk": 8, "fields": {"content_type": 26, "object_id": 1, "link": "img/2023/09/14/event-img_apCU8r2.png"}}, {"model": "shopModul.imglink", "pk": 9, "fields": {"content_type": 26, "object_id": 1, "link": "img/2023/09/14/event-img_SUvCdoM.png"}}, {"model": "shopModul.imglink", "pk": 10, "fields": {"content_type": 26, "object_id": 1, "link": "img/2023/09/14/event-img_0vBKs75.png"}}, {"model": "shopModul.imglink", "pk": 11, "fields": {"content_type": 26, "object_id": 1, "link": "img/2023/09/14/event-img_OpvVEbP.png"}}, {"model": "shopModul.imglink", "pk": 12, "fields": {"content_type": 11, "object_id": 5, "link": "img/2023/09/18/product_дифы.png"}}, {"model": "shopModul.videolink", "pk": 1, "fields": {"content_type": 11, "object_id": 5, "link": "shopModul/static/shop/move/2023/09/19/Anime_Mix_AMV__Forsaken.mp4"}}, {"model": "shopModul.videolink", "pk": 2, "fields": {"content_type": 11, "object_id": 4, "link": "shopModul/static/shop/move/2023/09/19/Anime_Mix_AMV__Forsaken_uQhO751.mp4"}}, {"model": "shopModul.event", "pk": 1, "fields": {"name": "Встреча", "description": "Встреча", "img_face": "events/2023/09/14/event-img.png", "address": "иркутск", "time_start": "2023-09-14T11:56:32Z"}}, {"model": "shopModul.tobook", "pk": 4, "fields": {"event": 1, "user": 1, "status": ""}}, {"model": "shopModul.question", "pk": 1, "fields": {"first_name": "Паша", "email": "xopowen@mail.ru", "phone": "+ 7 (111)-111-11-11", "text": "test", "date_time": "2023-09-14T08:10:35.611Z", "status_request": false}}, {"model": "shopModul.question", "pk": 2, "fields": {"first_name": "Паша", "email": "xopowen@mail.ru", "phone": "+ 7 (111)-111-11-11", "text": "2", "date_time": "2023-09-14T08:35:22.141Z", "status_request": false}}, {"model": "shopModul.question", "pk": 3, "fields": {"first_name": "Паша", "email": "xopowen@mail.ru", "phone": "+ 7 (111)-111-11-11", "text": "3", "date_time": "2023-09-14T08:36:42.297Z", "status_request": false}}, {"model": "shopModul.question", "pk": 4, "fields": {"first_name": "Паша", "email": "xopowen@mail.ru", "phone": "+ 7 (111)-111-11-11", "text": "3", "date_time": "2023-09-14T08:37:10.507Z", "status_request": false}}, {"model": "shopModul.question", "pk": 5, "fields": {"first_name": "Паша", "email": "xopowen@mail.ru", "phone": "+ 7 (914)-007-01-16", "text": "test", "date_time": "2023-09-28T13:19:31.162Z", "status_request": false}}, {"model": "shopModul.question", "pk": 6, "fields": {"first_name": "Паша", "email": "xopowen@mail.ru", "phone": "+ 7 (914)-007-01-16", "text": "test", "date_time": "2023-09-28T13:19:33.329Z", "status_request": false}}, {"model": "shopModul.question", "pk": 7, "fields": {"first_name": "Паша", "email": "xopowen@mail.ru", "phone": "+ 7 (111)-111-11-11", "text": "1111111111", "date_time": "2023-10-03T12:49:18.667Z", "status_request": false}}, {"model": "shopModul.property", "pk": 6, "fields": {"catalog": 3, "name": "способ работы", "show_popup": true, "show_filter": true, "selected": false}}, {"model": "shopModul.property", "pk": 7, "fields": {"catalog": null, "name": "Назначение", "show_popup": false, "show_filter": false, "selected": false}}, {"model": "shopModul.property", "pk": 8, "fields": {"catalog": 4, "name": "test", "show_popup": false, "show_filter": false, "selected": false}}, {"model": "shopModul.propertyvalue", "pk": 1, "fields": {"property": 6, "value": "test", "show_menu": true, "show_popup": true, "show_filter": true, "selected": true}}, {"model": "shopModul.propertyvalue", "pk": 2, "fields": {"property": 6, "value": "test2", "show_menu": true, "show_popup": true, "show_filter": true, "selected": true}}, {"model": "shopModul.propertyvalue", "pk": 3, "fields": {"property": 7, "value": "дом", "show_menu": false, "show_popup": false, "show_filter": true, "selected": false}}, {"model": "shopModul.propertyvalue", "pk": 4, "fields": {"property": 7, "value": "работа", "show_menu": false, "show_popup": false, "show_filter": true, "selected": false}}, {"model": "shopModul.popertyproduct", "pk": 2, "fields": {"property": 7, "product": 3, "value": 4}}, {"model": "shopModul.popertyproduct", "pk": 3, "fields": {"property": 6, "product": 4, "value": 1}}, {"model": "shopModul.popertyproduct", "pk": 4, "fields": {"property": 7, "product": 4, "value": 3}}, {"model": "shopModul.popertyproduct", "pk": 5, "fields": {"property": 7, "product": 5, "value": 3}}, {"model": "shopModul.popertyproduct", "pk": 6, "fields": {"property": 6, "product": 3, "value": 2}}, {"model": "shopModul.popertyproduct", "pk": 7, "fields": {"property": 7, "product": 6, "value": 3}}, {"model": "shopModul.catalog", "pk": 3, "fields": {"name": "Дефибреляторы", "img": "catalog/баннер_дифы_1_xb6V280.png", "order": 1}}, {"model": "shopModul.catalog", "pk": 4, "fields": {"name": "РЕАНИМАЦИЯ", "img": "catalog/РЕАНИМАЦИЯ.png", "order": 2}}, {"model": "shopModul.manufacturer", "pk": 2, "fields": {"name": "ТЕст", "img": "", "description": ""}}, {"model": "shopModul.manufacturer", "pk": 3, "fields": {"name": "Promedic", "img": "manufacturer/medtrinic_covidien_logo_1.png", "description": ""}}, {"model": "shopModul.banner", "pk": 1, "fields": {"order": 0, "img": "banners/baner-metrax.png", "catalog": 3, "manufacturer": 3, "head": "Ручные и автоматические дефибрилляторы «Primedic»", "subtitle": "высокое качество и выгодные цены."}}, {"model": "shopModul.proportion", "pk": 1, "fields": {"content_type": 11, "object_id": 4, "number": 29, "prefix": "см"}}, {"model": "shopModul.proportion", "pk": 2, "fields": {"content_type": 11, "object_id": 4, "number": 41, "prefix": "см"}}, {"model": "shopModul.proportion", "pk": 3, "fields": {"content_type": 11, "object_id": 4, "number": 36, "prefix": "см"}}, {"model": "shopModul.proportion", "pk": 4, "fields": {"content_type": 11, "object_id": 4, "number": 51, "prefix": "см"}}, {"model": "shopModul.proportion", "pk": 5, "fields": {"content_type": 11, "object_id": 4, "number": 42, "prefix": "см"}}, {"model": "shopModul.feedback", "pk": 1, "fields": {"content_type": 11, "object_id": 4, "client": 1, "score": 3, "comment": "qqqqqqqqqqqqqqqqqqqqqqqqqqqqqqqqqqqqqqqqqqqqqqqqqqqqqqqqqqqqqqqqqqqqqqqqqqqqqqqqqqqqqqqqqqqqqqqqqqqqqqqqqqqqqqqqqqqqqqqqqqqqqqqqqqqqqqqqqqqqqqqqqqqqqqqqqqqqq", "date": "2023-09-09T10:47:09.462Z"}}, {"model": "shopModul.feedback", "pk": 2, "fields": {"content_type": 5, "object_id": 1, "client": 1, "score": 6, "comment": "", "date": "2023-09-10T12:23:45.132Z"}}, {"model": "shopModul.feedback", "pk": 3, "fields": {"content_type": 11, "object_id": 5, "client": 1, "score": 0, "comment": "qqqqqqqqqqqqqqqqqqqqqqqqqqqqqqqqqqqqqqqqqqqqqqqqqqqqqq", "date": "2023-09-19T09:51:26.869Z"}}, {"model": "shopModul.feedback", "pk": 4, "fields": {"content_type": null, "object_id": null, "client": null, "score": 0, "comment": "", "date": "2023-09-28T10:47:42.042Z"}}, {"model": "shopModul.feedback", "pk": 5, "fields": {"content_type": null, "object_id": null, "client": null, "score": 0, "comment": "", "date": "2023-09-28T10:48:36.841Z"}}, {"model": "shopModul.feedback", "pk": 6, "fields": {"content_type": null, "object_id": null, "client": null, "score": 0, "comment": "", "date": "2023-09-28T10:50:02.920Z"}}, {"model": "shopModul.feedback", "pk": 7, "fields": {"content_type": null, "object_id": null, "client": null, "score": 0, "comment": "", "date": "2023-09-28T10:54:51.798Z"}}, {"model": "shopModul.feedback", "pk": 8, "fields": {"content_type": null, "object_id": null, "client": null, "score": 0, "comment": "", "date": "2023-09-28T10:55:33.915Z"}}, {"model": "shopModul.feedback", "pk": 9, "fields": {"content_type": null, "object_id": null, "client": 1, "score": 0, "comment": "", "date": "2023-09-28T11:04:19.511Z"}}, {"model": "shopModul.feedback", "pk": 13, "fields": {"content_type": 11, "object_id": 3, "client": 1, "score": 1, "comment": "test", "date": "2023-09-28T11:20:13.963Z"}}, {"model": "shopModul.document", "pk": 1, "fields": {"content_type": null, "object_id": null, "name": "ТЕст", "file": "documents/2023/09/02/Khoroshikh.pdf", "show_page": false}}, {"model": "shopModul.document", "pk": 2, "fields": {"content_type": null, "object_id": null, "name": "ТЕст qqqq", "file": "documents/2023/09/02/Хороших.pdf", "show_page": false}}, {"model": "shopModul.document", "pk": 3, "fields": {"content_type": 11, "object_id": 4, "name": "test", "file": "documents/2023/09/19/39919_d5847d175d5547e70cebf2da76a9376c.pdf", "show_page": false}}, {"model": "shopModul.product", "pk": 3, "fields": {"name": "АВТОМАТИЧЕСКИЙ ДЕФИБРИЛЛЯТОР PRIMEDIC HEARTSAVE PAD", "description": null, "manufacturer": 2, "catalog": 3, "act": 97530, "amt": 0, "price": 15000.0, "old_price": 15000.0, "currency": "₽", "technical_feature": "Тип дефибриллятора:\tавтоматический\r\nПодача разряда\tбез необходимости подтверждения разрада оператором\r\n\r\nДиапазон энергии разряда (выбирается автоматически):\r\n- для взрослых\t100 Дж, 150 Дж, 170 Дж, 200 Дж, 300 Дж, 360 Дж\r\n- для детей\t10 Дж, 15 Дж, 20 Дж, 30 Дж, 50 Дж, 70 Дж, 100 Дж\r\n\r\nДиапазон импеданса пациента, Ом\tот 25 до 300\r\n\r\nФорма импульса\tбифазная усеченная экспоненциальная кривая с автоматической компенсацией \r\nв зависимости от импеданса пациента\r\n\r\nТип батареи\tнеперезаряжаемая\r\nЁмкость батареи, мА/ч\t4200\r\n\r\nРесурс работы от новой батареи:\r\n\r\n- в режиме мониторинга\tне менее 15 часов\r\n\r\n- количество разрядов с энергией 200Дж\t400 (каждую минуту выполняется 3 разряда)\r\n\r\n- количество разрядов с энергией 360Дж\t200 (каждую минуту выполняется 3 разряда)\r\nСрок службы батареи в режиме ожидания\tдо 5 лет\r\n\r\nГабаритные размеры, мм\t219х286x97\r\n\r\nМасса, кг\t2,3", "article": "000 000", "YTP": null, "date": "2023-08-31T13:37:47.048Z", "visibility": false}}, {"model": "shopModul.product", "pk": 4, "fields": {"name": "ДЕФИБРИЛЛЯТОР-МОНИТОР  ДКИ-Н-11", "description": null, "manufacturer": 3, "catalog": 3, "act": 97530, "amt": 0, "price": 14000.0, "old_price": 15000.0, "currency": "₽", "technical_feature": "Тип дефибриллятора: автоматический\r\nПодача разряда без необходимости подтверждения разрада оператором\r\n\r\nДиапазон энергии разряда (выбирается автоматически):\r\n- для взрослых\t100 Дж, 150 Дж, 170 Дж, 200 Дж, 300 Дж, 360 Дж\r\n- для детей 10 Дж, 15 Дж, 20 Дж, 30 Дж, 50 Дж, 70 Дж, 100 Дж\r\n\r\nДиапазон импеданса пациента, Ом от 25 до 300\r\n\r\nФорма импульса бифазная усеченная экспоненциальная кривая с автоматической компенсацией \r\nв зависимости от импеданса пациента\r\n\r\nТип батареи неперезаряжаемая\r\nЁмкость батареи, мА/ч 4200\r\n\r\nРесурс работы от новой батареи:\r\n\r\n- в режиме мониторинга не менее 15 часов\r\n\r\n- количество разрядов с энергией 200Дж\t400 (каждую минуту выполняется 3 разряда)\r\n\r\n- количество разрядов с энергией 360Дж\t200 (каждую минуту выполняется 3 разряда)\r\nСрок службы батареи в режиме ожидания до 5 лет\r\n\r\nГабаритные размеры, мм\t219х286x97\r\n\r\nМасса, кг\t2,3", "article": "000 000", "YTP": null, "date": "2023-09-09T08:42:35.563Z", "visibility": false}}, {"model": "shopModul.product", "pk": 5, "fields": {"name": "ДЕФИБРИЛЛЯТОР-МОНИТОР  ДКИ-Н-11", "description": null, "manufacturer": 3, "catalog": 3, "act": 0, "amt": 0, "price": 10000.0, "old_price": 10998.0, "currency": "₽", "technical_feature": "Тип дефибриллятора:\tавтоматический\r\nПодача разряда\tбез необходимости подтверждения разрада оператором\r\n\r\nДиапазон энергии разряда (выбирается автоматически):\r\n- для взрослых\t100 Дж, 150 Дж, 170 Дж, 200 Дж, 300 Дж, 360 Дж\r\n- для детей\t10 Дж, 15 Дж, 20 Дж, 30 Дж, 50 Дж, 70 Дж, 100 Дж\r\n\r\nДиапазон импеданса пациента, Ом\tот 25 до 300\r\n\r\nФорма импульса\tбифазная усеченная экспоненциальная кривая с автоматической компенсацией \r\nв зависимости от импеданса пациента\r\n\r\nТип батареи\tнеперезаряжаемая\r\nЁмкость батареи, мА/ч\t4200\r\n\r\nРесурс работы от новой батареи:\r\n\r\n- в режиме мониторинга\tне менее 15 часов\r\n\r\n- количество разрядов с энергией 200Дж\t400 (каждую минуту выполняется 3 разряда)\r\n\r\n- количество разрядов с энергией 360Дж\t200 (каждую минуту выполняется 3 разряда)\r\nСрок службы батареи в режиме ожидания\tдо 5 лет\r\n\r\nГабаритные размеры, мм\t219х286x97\r\n\r\nМасса, кг\t2,3", "article": "000 000", "YTP": null, "date": "2023-09-18T08:38:56.642Z", "visibility": false}}, {"model": "shopModul.product", "pk": 6, "fields": {"name": "АВТОМАТИЧЕСКИЙ ДЕФИБРИЛЛЯТОР PRIMEDIC HEARTSAVE PAD", "description": null, "manufacturer": 3, "catalog": 3, "act": 1, "amt": 0, "price": 1.0, "old_price": 1.0, "currency": "₽", "technical_feature": "", "article": "000 000", "YTP": "1", "date": "2023-09-26T09:01:27.548Z", "visibility": false}}, {"model": "shopModul.compare", "pk": 1, "fields": {"user": 1, "products": []}}, {"model": "shopModul.compare", "pk": 3, "fields": {"user": 4, "products": []}}, {"model": "shopModul.compare", "pk": 4, "fields": {"user": 2, "products": []}}, {"model": "shopModul.compare", "pk": 5, "fields": {"user": 5, "products": []}}, {"model": "shopModul.compare", "pk": 6, "fields": {"user": 3, "products": []}}, {"model": "shopModul.orderproduct", "pk": 14, "fields": {"product": 4, "amt": 1, "issued": true}}, {"model": "shopModul.orderproduct", "pk": 15, "fields": {"product": 3, "amt": 2, "issued": true}}, {"model": "shopModul.orderproduct", "pk": 17, "fields": {"product": 4, "amt": 1, "issued": true}}, {"model": "shopModul.orderproduct", "pk": 18, "fields": {"product": 4, "amt": 1, "issued": true}}, {"model": "shopModul.orderproduct", "pk": 19, "fields": {"product": 4, "amt": 1, "issued": true}}, {"model": "shopModul.orderproduct", "pk": 20, "fields": {"product": 4, "amt": 1, "issued": true}}, {"model": "shopModul.orderproduct", "pk": 21, "fields": {"product": 5, "amt": 1, "issued": true}}, {"model": "shopModul.orderproduct", "pk": 22, "fields": {"product": 5, "amt": 2, "issued": true}}, {"model": "shopModul.orderproduct", "pk": 24, "fields": {"product": 3, "amt": 1, "issued": true}}, {"model": "shopModul.news", "pk": 1, "fields": {"title": "УЧЕНЫЕ ВЫРАСТИЛИ КЛЕТКИ  СО ВЖИВЛЕННОЙ В НИХ ЭЛЕКТРОНИКОЙ", "img": "news/2023/09/10/news1.png", "author": "Константин К.Р", "date": "2023-09-10T12:09:57.978Z"}}, {"model": "shopModul.news", "pk": 2, "fields": {"title": "УЧЕНЫЕ ВЫРАСТИЛИ КЛЕТКИ  СО ВЖИВЛЕННОЙ В НИХ ЭЛЕКТРОНИКОЙ", "img": "", "author": "Константин К.Р", "date": "2023-09-13T07:00:04.889Z"}}, {"model": "shopModul.news", "pk": 3, "fields": {"title": "УЧЕНЫЕ ВЫРАСТИЛИ КЛЕТКИ  СО ВЖИВЛЕННОЙ В НИХ ЭЛЕКТРОНИКОЙ", "img": "", "author": "Константин К.Р", "date": "2023-09-13T07:00:12.448Z"}}, {"model": "shopModul.news", "pk": 4, "fields": {"title": "УЧЕНЫЕ ВЫРАСТИЛИ КЛЕТКИ  СО ВЖИВЛЕННОЙ В НИХ ЭЛЕКТРОНИКОЙ", "img": "", "author": "Константин К.Р", "date": "2023-09-13T07:00:22.933Z"}}, {"model": "shopModul.news", "pk": 5, "fields": {"title": "УЧЕНЫЕ ВЫРАСТИЛИ КЛЕТКИ  СО ВЖИВЛЕННОЙ В НИХ ЭЛЕКТРОНИКОЙ", "img": "", "author": "Константин К.Р", "date": "2023-09-13T07:00:31.831Z"}}, {"model": "shopModul.news", "pk": 6, "fields": {"title": "УЧЕНЫЕ ВЫРАСТИЛИ КЛЕТКИ  СО ВЖИВЛЕННОЙ В НИХ ЭЛЕКТРОНИКОЙ", "img": "", "author": "Константин К.Р", "date": "2023-09-13T07:00:42.237Z"}}, {"model": "shopModul.news", "pk": 7, "fields": {"title": "УЧЕНЫЕ ВЫРАСТИЛИ КЛЕТКИ  СО ВЖИВЛЕННОЙ В НИХ ЭЛЕКТРОНИКОЙ", "img": "", "author": "Константин К.Р", "date": "2023-09-13T07:00:52.091Z"}}, {"model": "shopModul.news", "pk": 8, "fields": {"title": "УЧЕНЫЕ ВЫРАСТИЛИ КЛЕТКИ  СО ВЖИВЛЕННОЙ В НИХ ЭЛЕКТРОНИКОЙ", "img": "", "author": "Константин К.Р", "date": "2023-09-13T07:01:01.854Z"}}, {"model": "shopModul.news", "pk": 9, "fields": {"title": "УЧЕНЫЕ ВЫРАСТИЛИ КЛЕТКИ  СО ВЖИВЛЕННОЙ В НИХ ЭЛЕКТРОНИКОЙ", "img": "", "author": "Константин К.Р", "date": "2023-09-13T07:01:08.337Z"}}, {"model": "shopModul.paragraph", "pk": 1, "fields": {"news": 1, "title": null, "position_img": "l", "img": "", "text": "За последние несколько лет ученые создали такое количество искусственных органов, что из них можно было бы собрать целый искусственный организм. Это, конечно же, шутка, и искусственные органы разрабатываются совсем для других целей. В частности, для того, чтобы лучше изучать их работу и взаимодействие с различными веществами. Но если с «целыми» органами все более или менее понятно, то вот следить за работой отдельных клеток не так-то просто. Во многом это связано с тем, что датчики довольно сложно поместить внутрь клеток, не повредив их при этом. \r\nОднако ученые из Гарварда придумали, как обойти это ограничение: выращивать клетки, в которых уже изначально будут находиться электронные компоненты."}}, {"model": "shopModul.paragraph", "pk": 2, "fields": {"news": 1, "title": "Зачем выращивать «клетки-киборги»?", "position_img": "l", "img": "paragraph/news1.png", "text": "В первую очередь это нужно для того, чтобы лучше узнать о развитии различных заболеваний, о том, как они воздействуют на органы и как их победить. К тому же, такой подход поможет гораздо лучше протестировать лекарственные средства, выяснив больше об их влиянии на клеточном и субклеточном уровнях.\r\n\r\nНе стоит думать, что подобное раньше никому не приходило в голову. Такие попытки предпринимались и ранее. Миниатюрные, если так можно, выразиться версии органов уже воссоздавали во всех деталях, только вот все датчики, которые позволяли изучать взаимодействие органа с внешней средой, прикреплялись, так сказать, «снаружи», не проникая внутрь клеток. Но исследователи из Гарвардской Школы нашли способ интегрировать датчики с самого процесса зарождения клеток для того, чтобы когда клетки сформировались, все нужное «оборудование» уже было бы «установлено»."}}, {"model": "shopModul.basket", "pk": 1, "fields": {"user": 1, "order_product": [14, 15, 17, 18, 19, 20, 21, 22, 24]}}]